<?xml version="1.0" encoding="UTF-8"?>
<!--
    Licensed to the Apache Software Foundation (ASF) under one or more
    contributor license agreements.  See the NOTICE file distributed with
    this work for additional information regarding copyright ownership.
    The ASF licenses this file to You under the Apache License, Version 2.0
    (the "License"); you may not use this file except in compliance with
    the License.  You may obtain a copy of the License at

    http://www.apache.org/licenses/LICENSE-2.0

    Unless required by applicable law or agreed to in writing, software
    distributed under the License is distributed on an "AS IS" BASIS,
    WITHOUT WARRANTIES OR CONDITIONS OF ANY KIND, either express or implied.
    See the License for the specific language governing permissions and
    limitations under the License.
-->
<beans xmlns="http://www.springframework.org/schema/beans"
	xmlns:xsi="http://www.w3.org/2001/XMLSchema-instance"
	xmlns:context="http://www.springframework.org/schema/context"
	xmlns:osgi="http://www.springframework.org/schema/osgi"
	xmlns:osgix="http://www.springframework.org/schema/osgi-compendium"
	xsi:schemaLocation="
       http://www.springframework.org/schema/beans
       http://www.springframework.org/schema/beans/spring-beans.xsd
       http://www.springframework.org/schema/context
       http://www.springframework.org/schema/context/spring-context.xsd
       http://www.springframework.org/schema/osgi
       http://www.springframework.org/schema/osgi/spring-osgi.xsd
       http://www.springframework.org/schema/osgi-compendium
       http://www.springframework.org/schema/osgi-compendium/spring-osgi-compendium.xsd">

	<context:annotation-config />
	<context:property-placeholder properties-ref="preProps" />	

	<!--  DB connection and persistence layer -->
	<!--  DataSource Definition  -->
	<bean id="dataSource" class="org.apache.commons.dbcp.BasicDataSource" destroy-method="close">
		<property name="driverClassName" value="${driverClassName}" />
		<property name="url" value="${url}" />
		<property name="username" value="${username}" />
		<property name="password" value="${password}" />
	</bean>


	<!--  Spring Data Access Exception Translator Definition	-->
	<bean id="jdbcExceptionTranslator" class="org.springframework.jdbc.support.SQLErrorCodeSQLExceptionTranslator">
		<property name="dataSource">
			<ref bean="dataSource" />
		</property>
	</bean>

	<!--  Hibernate SessionFactory Definition -->
	<bean id="sessionFactory" class="org.springframework.orm.hibernate3.LocalSessionFactoryBean">

		<property name="mappingLocations">
			<list>
				<value>classpath*:META-INF/org/apache/camel/example/reportincident/model/*.hbm.xml</value>
			</list>
		</property>

		<property name="hibernateProperties">
			<props>
				<prop key="hibernate.dialect">org.hibernate.dialect.MySQLDialect</prop>
				<prop key="hibernate.show_sql">false</prop>
				<prop key="hibernate.format_sql">true</prop>
				<prop key="hibernate.cglib.use_reflection_optimizer">true</prop>
				<prop key="hibernate.jdbc.batch_size">10</prop>
				<prop key="hibernate.query.factory_class">org.hibernate.hql.classic.ClassicQueryTranslatorFactory</prop>
				<!-- 
				<prop key="hibernate.transaction.manager_lookup_class">org.springframework.orm.hibernate3.LocalTransactionManagerLookup</prop>
				<prop key="hibernate.transaction.factory_class">org.hibernate.transaction.JTATransactionFactory</prop>
				 -->
			</props>
		</property>
		<property name="dataSource">
			<ref bean="dataSource" />
		</property>
		<!-- 
		<property name="jtaTransactionManager">
		  <osgi:reference>
			 <osgi:interfaces>
			   <value>org.springframework.transaction.PlatformTransactionManager</value>
			   <value>javax.transaction.TransactionManager</value>
			</osgi:interfaces>
		   </osgi:reference>
		</property>
		-->
		
	</bean>

	<!-- Hibernate Transaction Manager Definition -->
	<bean id="transactionManager" class="org.springframework.orm.hibernate3.HibernateTransactionManager">
		<property name="sessionFactory">
			<ref local="sessionFactory" />
		</property>
	</bean>


	<!--
		Hibernate Transaction Manager exported as OSGI service because used
		org.apache.camel.example.reportincident.service
	
	<osgi:service id="transactionManagerOsgi" ref="transactionManager"
		interface="org.springframework.transaction.PlatformTransactionManager" />
		-->
		
	<osgix:cm-properties id="preProps" persistent-id="org.apache.camel.example.reportincident.datasource">
        <prop key="driverClassName">com.mysql.jdbc.Driver</prop>
        <prop key="url">jdbc:mysql:///report</prop>
        <prop key="username">root</prop>
        <prop key="password"></prop>        
    </osgix:cm-properties>

    

</beans>