<?xml version="1.0" encoding="UTF-8"?>
<!--
    Licensed to the Apache Software Foundation (ASF) under one or more
    contributor license agreements.  See the NOTICE file distributed with
    this work for additional information regarding copyright ownership.
    The ASF licenses this file to You under the Apache License, Version 2.0
    (the "License"); you may not use this file except in compliance with
    the License.  You may obtain a copy of the License at

    http://www.apache.org/licenses/LICENSE-2.0

    Unless required by applicable law or agreed to in writing, software
    distributed under the License is distributed on an "AS IS" BASIS,
    WITHOUT WARRANTIES OR CONDITIONS OF ANY KIND, either express or implied.
    See the License for the specific language governing permissions and
    limitations under the License.
-->
<beans xmlns="http://www.springframework.org/schema/beans"
       xmlns:xsi="http://www.w3.org/2001/XMLSchema-instance"
       xmlns:context="http://www.springframework.org/schema/context"
       xsi:schemaLocation="
       http://www.springframework.org/schema/beans http://www.springframework.org/schema/beans/spring-beans-2.5.xsd
       http://www.springframework.org/schema/context http://www.springframework.org/schema/context/spring-context-2.5.xsd
       http://activemq.apache.org/schema/core http://activemq.apache.org/schema/core/activemq-core.xsd
       http://camel.apache.org/schema/spring http://camel.apache.org/schema/spring/camel-spring.xsd
    ">


  <broker xmlns="http://activemq.apache.org/schema/core" brokerName="localhost" dataDirectory="activemq-data">

    <persistenceAdapter>
      <amqPersistenceAdapter syncOnWrite="false" directory="${activemq.base}/data" maxFileLength="20 mb"/>
    </persistenceAdapter>

    <!--  The maximum about of space the broker will use before slowing down producers -->
    <systemUsage>
      <systemUsage>
        <memoryUsage>
          <memoryUsage limit="20 mb"/>
        </memoryUsage>
        <storeUsage>
          <storeUsage limit="1 gb" name="foo"/>
        </storeUsage>
        <tempUsage>
          <tempUsage limit="100 mb"/>
        </tempUsage>
      </systemUsage>
    </systemUsage>

    <!-- The transport connectors ActiveMQ will listen to -->
    <transportConnectors>
      <transportConnector name="openwire" uri="tcp://localhost:61616"/>
      <transportConnector name="stomp" uri="stomp://localhost:61613"/>
    </transportConnectors>
  </broker>

  <!-- configure the camel activemq component to use the current broker -->
  <bean id="activemq" class="org.apache.activemq.camel.component.ActiveMQComponent">
    <property name="connectionFactory">
      <bean class="org.apache.activemq.ActiveMQConnectionFactory">
        <property name="brokerURL" value="vm://localhost?create=false&amp;waitForStart=10000"/>
      </bean>
    </property>
  </bean>

  <!-- Here is a sample which processes the input files
         (leaving them in place - see the 'noop' flag), and
         sends them on a JMS queue. This queue is watched by
         another route which then performs content based
         routing on the messages using XPath.
  -->
  <camelContext xmlns="http://camel.apache.org/schema/spring">
    <package>org.apache.camel.web.example</package>
    <route>
      <from uri="file:src/data?noop=true"/>
      
      <!-- Print the message to standard out, just as a test -->
      <convertBodyTo type="java.lang.String"/>
      <to uri="stream:out"/> 
      
      <to uri="activemq:personnel.records"/>
    </route>

    <route>
      <from uri="activemq:personnel.records"/>
      <choice>
        <when>
          <xpath>/person/city = 'London'</xpath>
          <to uri="file:target/messages/uk"/>
        </when>
        <otherwise>
          <to uri="file:target/messages/others"/>
        </otherwise>
      </choice>
    </route>
  </camelContext>

</beans>
