<?xml version="1.0" encoding="UTF-8"?>
<beans xmlns="http://www.springframework.org/schema/beans"
	xmlns:xsi="http://www.w3.org/2001/XMLSchema-instance"
	xmlns:context="http://www.springframework.org/schema/context"
	xmlns:camel="http://activemq.apache.org/camel/schema/spring"
	xsi:schemaLocation="http://www.springframework.org/schema/beans
		http://www.springframework.org/schema/beans/spring-beans-2.0.xsd
		http://www.springframework.org/schema/context
		http://schemas.leadx.com/spring/spring-context-2.5.xsd
		http://activemq.apache.org/camel/schema/spring
		http://activemq.apache.org/camel/schema/spring/camel-spring-1.3.0.xsd">
		
	<context:component-scan base-package="org.example.server" />

	<camel:camelContext id="camel">
		<camel:package>org.example.server</camel:package>
	</camel:camelContext>
	
	<bean id="jms" class="org.apache.camel.component.jms.JmsComponent">
		<property name="connectionFactory">
			<bean class="org.apache.activemq.ActiveMQConnectionFactory">
				<property name="brokerURL" value="tcp://localhost:61616" />
			</bean>
		</property>
	</bean>

</beans>