<!--
    Licensed to the Apache Software Foundation (ASF) under one or more
    contributor license agreements.  See the NOTICE file distributed with
    this work for additional information regarding copyright ownership.
    The ASF licenses this file to You under the Apache License, Version 2.0
    (the "License"); you may not use this file except in compliance with
    the License.  You may obtain a copy of the License at
   
    http://www.apache.org/licenses/LICENSE-2.0
   
    Unless required by applicable law or agreed to in writing, software
    distributed under the License is distributed on an "AS IS" BASIS,
    WITHOUT WARRANTIES OR CONDITIONS OF ANY KIND, either express or implied.
    See the License for the specific language governing permissions and
    limitations under the License.
-->
<beans
  xmlns="http://www.springframework.org/schema/beans"
  xmlns:amq="http://activemq.apache.org/schema/core"
  xmlns:xsi="http://www.w3.org/2001/XMLSchema-instance"
  xmlns:osgi="http://www.springframework.org/schema/osgi"
  xsi:schemaLocation="
       http://www.springframework.org/schema/beans
       http://www.springframework.org/schema/beans/spring-beans-2.5.xsd
       http://activemq.apache.org/schema/core
       http://activemq.apache.org/schema/core/activemq-core.xsd
       http://camel.apache.org/schema/spring
       http://camel.apache.org/schema/spring/camel-spring.xsd
       http://www.springframework.org/schema/osgi
       http://www.springframework.org/schema/osgi/spring-osgi.xsd">

    <!-- Allows us to use system properties as variables in this configuration file -->
    <bean class="org.springframework.beans.factory.config.PropertyPlaceholderConfigurer"/>
    
   <!-- 
   <bean id="store" class="org.apache.activemq.store.kahadaptor.KahaPersistenceAdapter" >
   <bean id="store" class="org.apache.activemq.store.kahadb.MessageDatabase" >
     <property name="directory" value="d:/temp/activemq-data-master" />
     <property name="maxFileLength" value="1 mb" />
     <property name="checkpointInterval" value="5000" />
     <property name="cleanupInterval" value="5000" />
     <property name="enableJournalDiskSyncs" value="false" />
     <property name="indexWriteBatchSize" value="10000" />
     <property name="indexCacheSize" value="1000" />
     <property name="enableIndexWriteAsync" value="true" />
   </bean>
   -->

    <broker xmlns="http://activemq.apache.org/schema/core"
            dataDirectory="d:/temp/activemq-data"
            brokerName="master"
            useJmx="true">

        <!-- Destination specific policies using destination names or wildcards -->
        <destinationPolicy>
            <policyMap>
                <policyEntries>
                    <policyEntry queue=">" memoryLimit="1mb">
                       <dispatchPolicy>
              				<roundRobinDispatchPolicy />
            		   </dispatchPolicy>
            		   <!--
            		   <pendingQueuePolicy>
            				<fileQueueCursor />
            			</pendingQueuePolicy>
            			-->
                    </policyEntry>
                    <policyEntry topic=">" memoryLimit="5mb">
                        <subscriptionRecoveryPolicy>
                            <lastImageSubscriptionRecoveryPolicy/>
                        </subscriptionRecoveryPolicy>
                    </policyEntry>
                </policyEntries>
            </policyMap>
        </destinationPolicy>
        
        <!-- Use the following to configure how ActiveMQ is exposed in JMX -->
        <managementContext>
            <managementContext createConnector="false"/>
        </managementContext>

        <!-- The store and forward broker networks ActiveMQ will listen to -->
        <networkConnectors>
            <!-- by default just auto discover the other brokers 
            <networkConnector name="default-nc" uri="multicast://default"/>
            -->
            <!-- Example of a static configuration:
            <networkConnector name="host1 and host2" uri="static://(tcp://host1:61616,tcp://host2:61616)"/>

            <networkConnector uri="static://(tcp://localhost:61617)"/>
            -->
                        
        </networkConnectors>

        <!--
        <persistenceAdapter>
            <amqPersistenceAdapter syncOnWrite="false" directory="d:/temp/activemq/default" maxFileLength="20 mb"/>
        </persistenceAdapter>
        -->
        

        <persistenceAdapter>
            <!-- Master/Slave
            <kahaDB directory="d:/temp/activemq-data" journalMaxFileLength="32mb"/>
            -->
      		<!-- Broker -->
      		<kahaDB brokerName="master" directory="d:/temp/activemq-data-master" enableJournalDiskSyncs="false" indexWriteBatchSize="10000" indexCacheSize="1000" enableIndexWriteAsync="true" />
    	</persistenceAdapter>

    	
        <!-- Use the following if you wish to configure the journal with JDBC -->
        <!--
        <persistenceAdapter>
            <journaledJDBC dataDirectory="${activemq.base}/data" dataSource="#postgres-ds"/>
        </persistenceAdapter>
        -->

        <!-- Or if you want to use pure JDBC without a journal -->
        <!--
        <persistenceAdapter>
            <jdbcPersistenceAdapter dataSource="#postgres-ds"/>
        </persistenceAdapter>
        -->
        
        <!--
        <plugins>
        
		      <loggingBrokerPlugin logAll="true" logConnectionEvents="false"/>
		      <timeStampingBrokerPlugin zeroExpirationOverride="1000" ttlCeiling="60000" futureOnly="true"/>
		      <traceBrokerPathPlugin/>
    	</plugins>
		-->

        <!--  The maximum about of space the broker will use before slowing down producers -->
        <systemUsage>
            <systemUsage>
                <memoryUsage>
                    <memoryUsage limit="50 mb"/>
                </memoryUsage>
                <storeUsage>
                    <storeUsage limit="1 gb" name="store"/>
                </storeUsage>
                <tempUsage>
                    <tempUsage limit="100 mb"/>
                </tempUsage>
            </systemUsage>
        </systemUsage>


        
        <!-- The transport connectors ActiveMQ will listen to -->
        <transportConnectors>
            <!-- <transportConnector name="openwire" uri="tcp://localhost:61616" discoveryUri="multicast://default"/> -->
            <transportConnector name="openwire" uri="tcp://localhost:61616"/>
            <!-- <transportConnector name="stomp" uri="stomp://localhost:61613"/> -->
        </transportConnectors>
        

    </broker>

    <bean id="activemqConnectionFactory" class="org.apache.activemq.ActiveMQConnectionFactory">
        <!-- <property name="brokerURL" value="failover://(tcp://localhost:61616,tcp://localhost:61617)?randomize=false" /> -->
        <property name="brokerURL" value="tcp://localhost:61616" />
    </bean>

    <bean id="pooledConnectionFactory" class="org.apache.activemq.pool.PooledConnectionFactoryBean">
        <property name="maxConnections" value="8" />
        <property name="maximumActive" value="500" />
        <property name="transactionManager" ref="transactionManager" />
        <property name="connectionFactory" ref="activemqConnectionFactory" />
        <property name="resourceName" value="activemq.default" />
    </bean>

    <bean id="resourceManager" class="org.apache.activemq.pool.ActiveMQResourceManager" init-method="recoverResource">
          <property name="transactionManager" ref="transactionManager" />
          <property name="connectionFactory" ref="activemqConnectionFactory" />
          <property name="resourceName" value="activemq.default" />
    </bean>

    <osgi:reference id="transactionManager" interface="javax.transaction.TransactionManager" />

    <osgi:service ref="pooledConnectionFactory">
        <osgi:interfaces>
            <value>javax.jms.ConnectionFactory</value>
        </osgi:interfaces>
        <osgi:service-properties>
            <entry key="name" value="default"/>
        </osgi:service-properties>
    </osgi:service>

</beans>